{"cameraMode":{"drawMode":0,"name":"Shaded","section":"Shading Mode"},"sceneLighting":false,"audioPlay":false,"sceneViewState":{"showFog":true,"showMaterialUpdate":false,"showSkybox":true,"showFlares":true,"showImageEffects":true,"showParticleSystems":true},"in2DMode":false,"pivot":{"x":-7.382565021514893,"y":5.6088547706604,"z":17.494407653808595},"rotation":{"x":0.10846007615327835,"y":-0.1985321342945099,"z":0.022032564505934717,"w":0.9738903045654297},"size":11.369039535522461,"orthographic":false}