{"cameraMode":{"drawMode":0,"name":"Shaded","section":"Shading Mode"},"sceneLighting":true,"audioPlay":false,"sceneViewState":{"showFog":true,"showMaterialUpdate":false,"showSkybox":true,"showFlares":true,"showImageEffects":true,"showParticleSystems":true},"in2DMode":false,"pivot":{"x":3.4489340782165529,"y":3.5143511295318605,"z":-0.3663501739501953},"rotation":{"x":-0.04796561598777771,"y":-0.026153109967708589,"z":-0.0012492371024563909,"w":0.9985106587409973},"size":7.367275238037109,"orthographic":false}